{"commitInfo":{"timestamp":1732554814651,"operation":"WRITE","operationParameters":{"mode":"ErrorIfExists","partitionBy":"[\"Base\"]"},"isolationLevel":"Serializable","isBlindAppend":true,"operationMetrics":{"numFiles":"60","numOutputRows":"600000","numOutputBytes":"6209955"},"engineInfo":"Apache-Spark/3.5.1 Delta-Lake/3.0.0","txnId":"35679208-3d45-4289-816e-dd42dc0f63ec"}}
{"metaData":{"id":"372815ca-cf9f-49ea-8ac3-95b483a36419","format":{"provider":"parquet","options":{}},"schemaString":"{\"type\":\"struct\",\"fields\":[{\"name\":\"Date/Time\",\"type\":\"string\",\"nullable\":true,\"metadata\":{}},{\"name\":\"Lat\",\"type\":\"string\",\"nullable\":true,\"metadata\":{}},{\"name\":\"Lon\",\"type\":\"string\",\"nullable\":true,\"metadata\":{}},{\"name\":\"Base\",\"type\":\"string\",\"nullable\":true,\"metadata\":{}}]}","partitionColumns":["Base"],"configuration":{},"createdTime":1732554814083}}
{"protocol":{"minReaderVersion":1,"minWriterVersion":2}}
{"add":{"path":"Base=B02512/part-00000-428c1b6e-5107-4394-b248-4731edab3738.c000.snappy.parquet","partitionValues":{"Base":"B02512"},"size":63744,"modificationTime":1732554814486,"dataChange":true,"stats":"{\"numRecords\":4813,\"minValues\":{\"Date/Time\":\"6/1/2014 0:04:00\",\"Lat\":\"40.1461\",\"Lon\":\"-73.3997\"},\"maxValues\":{\"Date/Time\":\"6/9/2014 9:56:00\",\"Lat\":\"41.0688\",\"Lon\":\"-74.5885\"},\"nullCount\":{\"Date/Time\":0,\"Lat\":0,\"Lon\":0}}"}}
{"add":{"path":"Base=B02598/part-00000-3ea7b1a3-c8d8-4dfe-a94b-5fa7153448b8.c000.snappy.parquet","partitionValues":{"Base":"B02598"},"size":345359,"modificationTime":1732554814571,"dataChange":true,"stats":"{\"numRecords\":36176,\"minValues\":{\"Date/Time\":\"6/1/2014 0:00:00\",\"Lat\":\"40.1583\",\"Lon\":\"-73.1043\"},\"maxValues\":{\"Date/Time\":\"6/9/2014 9:58:00\",\"Lat\":\"41.2196\",\"Lon\":\"-74.6399\"},\"nullCount\":{\"Date/Time\":0,\"Lat\":0,\"Lon\":0}}"}}
{"add":{"path":"Base=B02617/part-00000-67dc4ef8-0058-4c3c-947c-406b287eed36.c000.snappy.parquet","partitionValues":{"Base":"B02617"},"size":275162,"modificationTime":1732554814601,"dataChange":true,"stats":"{\"numRecords\":27365,\"minValues\":{\"Date/Time\":\"6/1/2014 0:03:00\",\"Lat\":\"40.3227\",\"Lon\":\"-73.051\"},\"maxValues\":{\"Date/Time\":\"6/9/2014 9:58:00\",\"Lat\":\"41.2114\",\"Lon\":\"-74.4781\"},\"nullCount\":{\"Date/Time\":0,\"Lat\":0,\"Lon\":0}}"}}
{"add":{"path":"Base=B02682/part-00000-e0defac0-54c3-47d7-b6c4-6409bb9bb566.c000.snappy.parquet","partitionValues":{"Base":"B02682"},"size":288624,"modificationTime":1732554814632,"dataChange":true,"stats":"{\"numRecords\":28815,\"minValues\":{\"Date/Time\":\"6/1/2014 0:00:00\",\"Lat\":\"40.1456\",\"Lon\":\"-72.9472\"},\"maxValues\":{\"Date/Time\":\"6/9/2014 9:57:00\",\"Lat\":\"41.1935\",\"Lon\":\"-74.8182\"},\"nullCount\":{\"Date/Time\":0,\"Lat\":0,\"Lon\":0}}"}}
{"add":{"path":"Base=B02764/part-00000-3143f354-0a8e-41f1-aad9-9de32bceccb3.c000.snappy.parquet","partitionValues":{"Base":"B02764"},"size":20553,"modificationTime":1732554814639,"dataChange":true,"stats":"{\"numRecords\":1357,\"minValues\":{\"Date/Time\":\"6/1/2014 0:51:00\",\"Lat\":\"40.5864\",\"Lon\":\"-73.2844\"},\"maxValues\":{\"Date/Time\":\"6/9/2014 9:43:00\",\"Lat\":\"40.9519\",\"Lon\":\"-74.3178\"},\"nullCount\":{\"Date/Time\":0,\"Lat\":0,\"Lon\":0}}"}}
{"add":{"path":"Base=B02512/part-00001-79774a5d-8e03-401a-8bdb-6498099e08b6.c000.snappy.parquet","partitionValues":{"Base":"B02512"},"size":2315,"modificationTime":1732554814304,"dataChange":true,"stats":"{\"numRecords\":66,\"minValues\":{\"Date/Time\":\"6/1/2014 20:29:00\",\"Lat\":\"40.6445\",\"Lon\":\"-73.7829\"},\"maxValues\":{\"Date/Time\":\"6/8/2014 7:12:00\",\"Lat\":\"41.0574\",\"Lon\":\"-74.1778\"},\"nullCount\":{\"Date/Time\":0,\"Lat\":0,\"Lon\":0}}"}}
{"add":{"path":"Base=B02598/part-00001-73504339-fbd0-4839-8dd3-4662442df7f3.c000.snappy.parquet","partitionValues":{"Base":"B02598"},"size":10294,"modificationTime":1732554814321,"dataChange":true,"stats":"{\"numRecords\":560,\"minValues\":{\"Date/Time\":\"6/1/2014 0:23:00\",\"Lat\":\"40.5938\",\"Lon\":\"-73.7439\"},\"maxValues\":{\"Date/Time\":\"6/9/2014 9:54:00\",\"Lat\":\"41.0237\",\"Lon\":\"-74.3582\"},\"nullCount\":{\"Date/Time\":0,\"Lat\":0,\"Lon\":0}}"}}
{"add":{"path":"Base=B02617/part-00001-1ed36d35-3ae9-489e-8d6e-57de40d2e90e.c000.snappy.parquet","partitionValues":{"Base":"B02617"},"size":8000,"modificationTime":1732554814344,"dataChange":true,"stats":"{\"numRecords\":394,\"minValues\":{\"Date/Time\":\"6/1/2014 0:05:00\",\"Lat\":\"40.6337\",\"Lon\":\"-73.7765\"},\"maxValues\":{\"Date/Time\":\"6/9/2014 9:58:00\",\"Lat\":\"41.0976\",\"Lon\":\"-74.4491\"},\"nullCount\":{\"Date/Time\":0,\"Lat\":0,\"Lon\":0}}"}}
{"add":{"path":"Base=B02682/part-00001-49577810-c213-4466-992a-219b8f685998.c000.snappy.parquet","partitionValues":{"Base":"B02682"},"size":8587,"modificationTime":1732554814369,"dataChange":true,"stats":"{\"numRecords\":437,\"minValues\":{\"Date/Time\":\"6/1/2014 12:45:00\",\"Lat\":\"40.6132\",\"Lon\":\"-73.7076\"},\"maxValues\":{\"Date/Time\":\"6/9/2014 9:01:00\",\"Lat\":\"40.9543\",\"Lon\":\"-74.1899\"},\"nullCount\":{\"Date/Time\":0,\"Lat\":0,\"Lon\":0}}"}}
{"add":{"path":"Base=B02764/part-00001-57175615-9652-4f7e-9cae-7e411159206f.c000.snappy.parquet","partitionValues":{"Base":"B02764"},"size":1418,"modificationTime":1732554814392,"dataChange":true,"stats":"{\"numRecords\":17,\"minValues\":{\"Date/Time\":\"6/1/2014 20:31:00\",\"Lat\":\"40.6418\",\"Lon\":\"-73.789\"},\"maxValues\":{\"Date/Time\":\"6/9/2014 7:49:00\",\"Lat\":\"40.7821\",\"Lon\":\"-74.1775\"},\"nullCount\":{\"Date/Time\":0,\"Lat\":0,\"Lon\":0}}"}}
{"add":{"path":"Base=B02512/part-00002-b485721b-b9c7-4e12-8a13-90fa8ad0c386.c000.snappy.parquet","partitionValues":{"Base":"B02512"},"size":78043,"modificationTime":1732554814487,"dataChange":true,"stats":"{\"numRecords\":6219,\"minValues\":{\"Date/Time\":\"4/1/2014 0:55:00\",\"Lat\":\"40.5202\",\"Lon\":\"-72.9237\"},\"maxValues\":{\"Date/Time\":\"4/9/2014 9:44:00\",\"Lat\":\"41.373000000000005\",\"Lon\":\"-74.6078\"},\"nullCount\":{\"Date/Time\":0,\"Lat\":0,\"Lon\":0}}"}}
{"add":{"path":"Base=B02598/part-00002-30370fc1-264b-4ee9-9989-e13edde560d5.c000.snappy.parquet","partitionValues":{"Base":"B02598"},"size":304809,"modificationTime":1732554814564,"dataChange":true,"stats":"{\"numRecords\":31906,\"minValues\":{\"Date/Time\":\"4/1/2014 0:11:00\",\"Lat\":\"40.4736\",\"Lon\":\"-73.2875\"},\"maxValues\":{\"Date/Time\":\"4/9/2014 9:58:00\",\"Lat\":\"41.1608\",\"Lon\":\"-74.5785\"},\"nullCount\":{\"Date/Time\":0,\"Lat\":0,\"Lon\":0}}"}}
{"add":{"path":"Base=B02617/part-00002-dfd12312-0355-495d-acbd-f926e9de6ef1.c000.snappy.parquet","partitionValues":{"Base":"B02617"},"size":200176,"modificationTime":1732554814588,"dataChange":true,"stats":"{\"numRecords\":18907,\"minValues\":{\"Date/Time\":\"4/1/2014 0:03:00\",\"Lat\":\"40.4399\",\"Lon\":\"-72.7006\"},\"maxValues\":{\"Date/Time\":\"4/9/2014 9:55:00\",\"Lat\":\"41.1558\",\"Lon\":\"-74.493\"},\"nullCount\":{\"Date/Time\":0,\"Lat\":0,\"Lon\":0}}"}}
{"add":{"path":"Base=B02682/part-00002-a09e25c8-6c33-49fb-8121-f5cb33f52171.c000.snappy.parquet","partitionValues":{"Base":"B02682"},"size":368176,"modificationTime":1732554814630,"dataChange":true,"stats":"{\"numRecords\":39745,\"minValues\":{\"Date/Time\":\"4/1/2014 0:07:00\",\"Lat\":\"40.4132\",\"Lon\":\"-72.7734\"},\"maxValues\":{\"Date/Time\":\"4/9/2014 9:59:00\",\"Lat\":\"41.5276\",\"Lon\":\"-74.6557\"},\"nullCount\":{\"Date/Time\":0,\"Lat\":0,\"Lon\":0}}"}}
{"add":{"path":"Base=B02764/part-00002-b6718169-1a58-4671-b21d-ba8bffa978c0.c000.snappy.parquet","partitionValues":{"Base":"B02764"},"size":24646,"modificationTime":1732554814639,"dataChange":true,"stats":"{\"numRecords\":1728,\"minValues\":{\"Date/Time\":\"4/1/2014 10:04:00\",\"Lat\":\"40.6042\",\"Lon\":\"-73.5383\"},\"maxValues\":{\"Date/Time\":\"4/9/2014 9:37:00\",\"Lat\":\"41.0523\",\"Lon\":\"-74.3396\"},\"nullCount\":{\"Date/Time\":0,\"Lat\":0,\"Lon\":0}}"}}
{"add":{"path":"Base=B02512/part-00003-759b66b7-d4e3-4727-94fb-95dbb8e78502.c000.snappy.parquet","partitionValues":{"Base":"B02512"},"size":2990,"modificationTime":1732554814305,"dataChange":true,"stats":"{\"numRecords\":101,\"minValues\":{\"Date/Time\":\"4/1/2014 17:25:00\",\"Lat\":\"40.6449\",\"Lon\":\"-73.7768\"},\"maxValues\":{\"Date/Time\":\"4/9/2014 9:02:00\",\"Lat\":\"40.9073\",\"Lon\":\"-74.1779\"},\"nullCount\":{\"Date/Time\":0,\"Lat\":0,\"Lon\":0}}"}}
{"add":{"path":"Base=B02598/part-00003-23853376-a06b-4b13-b271-e8bb80157763.c000.snappy.parquet","partitionValues":{"Base":"B02598"},"size":9376,"modificationTime":1732554814329,"dataChange":true,"stats":"{\"numRecords\":488,\"minValues\":{\"Date/Time\":\"4/1/2014 10:02:00\",\"Lat\":\"40.6087\",\"Lon\":\"-73.235\"},\"maxValues\":{\"Date/Time\":\"4/9/2014 19:32:00\",\"Lat\":\"40.8637\",\"Lon\":\"-74.1821\"},\"nullCount\":{\"Date/Time\":0,\"Lat\":0,\"Lon\":0}}"}}
{"add":{"path":"Base=B02617/part-00003-570dc65f-a870-4bf1-b209-c9e408cd5ce2.c000.snappy.parquet","partitionValues":{"Base":"B02617"},"size":6703,"modificationTime":1732554814345,"dataChange":true,"stats":"{\"numRecords\":308,\"minValues\":{\"Date/Time\":\"4/1/2014 11:41:00\",\"Lat\":\"40.6092\",\"Lon\":\"-73.6415\"},\"maxValues\":{\"Date/Time\":\"4/9/2014 8:07:00\",\"Lat\":\"40.881\",\"Lon\":\"-74.1818\"},\"nullCount\":{\"Date/Time\":0,\"Lat\":0,\"Lon\":0}}"}}
{"add":{"path":"Base=B02682/part-00003-4b937be6-12fc-4891-869a-b35b4bb53915.c000.snappy.parquet","partitionValues":{"Base":"B02682"},"size":10522,"modificationTime":1732554814366,"dataChange":true,"stats":"{\"numRecords\":571,\"minValues\":{\"Date/Time\":\"4/1/2014 10:33:00\",\"Lat\":\"40.5193\",\"Lon\":\"-73.3583\"},\"maxValues\":{\"Date/Time\":\"4/9/2014 8:51:00\",\"Lat\":\"41.1302\",\"Lon\":\"-74.3395\"},\"nullCount\":{\"Date/Time\":0,\"Lat\":0,\"Lon\":0}}"}}
{"add":{"path":"Base=B02764/part-00003-cac7893f-11f8-4379-83f3-9c7a18b1ad9a.c000.snappy.parquet","partitionValues":{"Base":"B02764"},"size":1636,"modificationTime":1732554814396,"dataChange":true,"stats":"{\"numRecords\":27,\"minValues\":{\"Date/Time\":\"4/10/2014 23:27:00\",\"Lat\":\"40.6932\",\"Lon\":\"-73.8658\"},\"maxValues\":{\"Date/Time\":\"4/8/2014 20:00:00\",\"Lat\":\"40.7735\",\"Lon\":\"-74.01100000000001\"},\"nullCount\":{\"Date/Time\":0,\"Lat\":0,\"Lon\":0}}"}}
{"add":{"path":"Base=B02512/part-00004-8af67aca-c6c2-40b4-a553-3ff9b3af3abb.c000.snappy.parquet","partitionValues":{"Base":"B02512"},"size":72576,"modificationTime":1732554814487,"dataChange":true,"stats":"{\"numRecords\":5645,\"minValues\":{\"Date/Time\":\"5/1/2014 0:25:00\",\"Lat\":\"40.4102\",\"Lon\":\"-72.2999\"},\"maxValues\":{\"Date/Time\":\"5/9/2014 9:59:00\",\"Lat\":\"41.0689\",\"Lon\":\"-74.5754\"},\"nullCount\":{\"Date/Time\":0,\"Lat\":0,\"Lon\":0}}"}}
{"add":{"path":"Base=B02598/part-00004-d2811da3-f600-4329-9372-955302f6304e.c000.snappy.parquet","partitionValues":{"Base":"B02598"},"size":365742,"modificationTime":1732554814571,"dataChange":true,"stats":"{\"numRecords\":39208,\"minValues\":{\"Date/Time\":\"5/1/2014 0:01:00\",\"Lat\":\"40.1591\",\"Lon\":\"-72.9268\"},\"maxValues\":{\"Date/Time\":\"5/9/2014 9:58:00\",\"Lat\":\"41.3225\",\"Lon\":\"-74.6612\"},\"nullCount\":{\"Date/Time\":0,\"Lat\":0,\"Lon\":0}}"}}
{"add":{"path":"Base=B02617/part-00004-0b60d132-18bf-4627-b255-4e9a16328bc3.c000.snappy.parquet","partitionValues":{"Base":"B02617"},"size":198469,"modificationTime":1732554814593,"dataChange":true,"stats":"{\"numRecords\":18463,\"minValues\":{\"Date/Time\":\"5/1/2014 0:05:00\",\"Lat\":\"40.5001\",\"Lon\":\"-73.3712\"},\"maxValues\":{\"Date/Time\":\"5/9/2014 9:55:00\",\"Lat\":\"41.1191\",\"Lon\":\"-74.5173\"},\"nullCount\":{\"Date/Time\":0,\"Lat\":0,\"Lon\":0}}"}}
{"add":{"path":"Base=B02682/part-00004-9bc9ae39-7dac-4cd6-bef0-3c1c80681176.c000.snappy.parquet","partitionValues":{"Base":"B02682"},"size":327482,"modificationTime":1732554814628,"dataChange":true,"stats":"{\"numRecords\":33762,\"minValues\":{\"Date/Time\":\"5/1/2014 0:01:00\",\"Lat\":\"40.3455\",\"Lon\":\"-73.0155\"},\"maxValues\":{\"Date/Time\":\"5/9/2014 9:56:00\",\"Lat\":\"41.1921\",\"Lon\":\"-74.6607\"},\"nullCount\":{\"Date/Time\":0,\"Lat\":0,\"Lon\":0}}"}}
{"add":{"path":"Base=B02764/part-00004-628d95ad-ffa4-446a-a1e8-b34810d38b9d.c000.snappy.parquet","partitionValues":{"Base":"B02764"},"size":21683,"modificationTime":1732554814638,"dataChange":true,"stats":"{\"numRecords\":1457,\"minValues\":{\"Date/Time\":\"5/1/2014 10:07:00\",\"Lat\":\"40.4962\",\"Lon\":\"-73.0338\"},\"maxValues\":{\"Date/Time\":\"5/9/2014 9:51:00\",\"Lat\":\"41.1341\",\"Lon\":\"-74.4441\"},\"nullCount\":{\"Date/Time\":0,\"Lat\":0,\"Lon\":0}}"}}
{"add":{"path":"Base=B02512/part-00005-e1c9ae6e-3998-4633-a99c-cd7e0c710e86.c000.snappy.parquet","partitionValues":{"Base":"B02512"},"size":2624,"modificationTime":1732554814314,"dataChange":true,"stats":"{\"numRecords\":83,\"minValues\":{\"Date/Time\":\"5/1/2014 16:12:00\",\"Lat\":\"40.6383\",\"Lon\":\"-73.8316\"},\"maxValues\":{\"Date/Time\":\"5/9/2014 17:49:00\",\"Lat\":\"41.0438\",\"Lon\":\"-74.3795\"},\"nullCount\":{\"Date/Time\":0,\"Lat\":0,\"Lon\":0}}"}}
{"add":{"path":"Base=B02598/part-00005-ffd922c2-7f44-4a29-84ca-e4e2ff5e9889.c000.snappy.parquet","partitionValues":{"Base":"B02598"},"size":11000,"modificationTime":1732554814333,"dataChange":true,"stats":"{\"numRecords\":603,\"minValues\":{\"Date/Time\":\"5/1/2014 0:18:00\",\"Lat\":\"40.6158\",\"Lon\":\"-73.5985\"},\"maxValues\":{\"Date/Time\":\"5/9/2014 9:32:00\",\"Lat\":\"40.9064\",\"Lon\":\"-74.4037\"},\"nullCount\":{\"Date/Time\":0,\"Lat\":0,\"Lon\":0}}"}}
{"add":{"path":"Base=B02617/part-00005-72d24566-80af-4292-979a-e223c2f2ed56.c000.snappy.parquet","partitionValues":{"Base":"B02617"},"size":5770,"modificationTime":1732554814354,"dataChange":true,"stats":"{\"numRecords\":259,\"minValues\":{\"Date/Time\":\"5/1/2014 12:28:00\",\"Lat\":\"40.6129\",\"Lon\":\"-73.7768\"},\"maxValues\":{\"Date/Time\":\"5/9/2014 8:42:00\",\"Lat\":\"40.801\",\"Lon\":\"-74.1816\"},\"nullCount\":{\"Date/Time\":0,\"Lat\":0,\"Lon\":0}}"}}
{"add":{"path":"Base=B02682/part-00005-92f433bd-0176-40e9-b9ff-006ccdeb7969.c000.snappy.parquet","partitionValues":{"Base":"B02682"},"size":9407,"modificationTime":1732554814381,"dataChange":true,"stats":"{\"numRecords\":494,\"minValues\":{\"Date/Time\":\"5/1/2014 12:14:00\",\"Lat\":\"40.5863\",\"Lon\":\"-73.417\"},\"maxValues\":{\"Date/Time\":\"5/9/2014 9:10:00\",\"Lat\":\"41.099\",\"Lon\":\"-74.1816\"},\"nullCount\":{\"Date/Time\":0,\"Lat\":0,\"Lon\":0}}"}}
{"add":{"path":"Base=B02764/part-00005-90ada420-9764-4111-8417-a83864c39a60.c000.snappy.parquet","partitionValues":{"Base":"B02764"},"size":1588,"modificationTime":1732554814399,"dataChange":true,"stats":"{\"numRecords\":26,\"minValues\":{\"Date/Time\":\"5/1/2014 20:51:00\",\"Lat\":\"40.6448\",\"Lon\":\"-73.7826\"},\"maxValues\":{\"Date/Time\":\"5/9/2014 9:35:00\",\"Lat\":\"40.7885\",\"Lon\":\"-74.0136\"},\"nullCount\":{\"Date/Time\":0,\"Lat\":0,\"Lon\":0}}"}}
{"add":{"path":"Base=B02512/part-00006-fa86c310-f903-49a5-8518-7f97ccc917d0.c000.snappy.parquet","partitionValues":{"Base":"B02512"},"size":42990,"modificationTime":1732554814484,"dataChange":true,"stats":"{\"numRecords\":3289,\"minValues\":{\"Date/Time\":\"9/1/2014 0:38:00\",\"Lat\":\"40.5887\",\"Lon\":\"-73.1719\"},\"maxValues\":{\"Date/Time\":\"9/9/2014 9:51:00\",\"Lat\":\"41.1723\",\"Lon\":\"-74.3924\"},\"nullCount\":{\"Date/Time\":0,\"Lat\":0,\"Lon\":0}}"}}
{"add":{"path":"Base=B02598/part-00006-0012be69-6bba-4b4f-b0d2-7a9c2b98987a.c000.snappy.parquet","partitionValues":{"Base":"B02598"},"size":244722,"modificationTime":1732554814558,"dataChange":true,"stats":"{\"numRecords\":23108,\"minValues\":{\"Date/Time\":\"9/1/2014 0:04:00\",\"Lat\":\"40.2775\",\"Lon\":\"-72.9409\"},\"maxValues\":{\"Date/Time\":\"9/9/2014 9:51:00\",\"Lat\":\"41.3043\",\"Lon\":\"-74.6589\"},\"nullCount\":{\"Date/Time\":0,\"Lat\":0,\"Lon\":0}}"}}
{"add":{"path":"Base=B02617/part-00006-86e1c5b6-fecc-490f-847f-600a4f5c24c6.c000.snappy.parquet","partitionValues":{"Base":"B02617"},"size":352971,"modificationTime":1732554814601,"dataChange":true,"stats":"{\"numRecords\":36261,\"minValues\":{\"Date/Time\":\"9/1/2014 0:00:00\",\"Lat\":\"40.1248\",\"Lon\":\"-72.8755\"},\"maxValues\":{\"Date/Time\":\"9/9/2014 9:59:00\",\"Lat\":\"41.1893\",\"Lon\":\"-74.624\"},\"nullCount\":{\"Date/Time\":0,\"Lat\":0,\"Lon\":0}}"}}
{"add":{"path":"Base=B02682/part-00006-e932e47f-3604-44fd-9393-136c59c1e90b.c000.snappy.parquet","partitionValues":{"Base":"B02682"},"size":206585,"modificationTime":1732554814623,"dataChange":true,"stats":"{\"numRecords\":18732,\"minValues\":{\"Date/Time\":\"9/1/2014 0:00:00\",\"Lat\":\"40.1122\",\"Lon\":\"-72.9165\"},\"maxValues\":{\"Date/Time\":\"9/9/2014 9:57:00\",\"Lat\":\"41.2031\",\"Lon\":\"-74.5594\"},\"nullCount\":{\"Date/Time\":0,\"Lat\":0,\"Lon\":0}}"}}
{"add":{"path":"Base=B02764/part-00006-989d38b6-0a7e-4811-b48f-3d4eda5daffd.c000.snappy.parquet","partitionValues":{"Base":"B02764"},"size":191685,"modificationTime":1732554814646,"dataChange":true,"stats":"{\"numRecords\":17148,\"minValues\":{\"Date/Time\":\"9/1/2014 0:04:00\",\"Lat\":\"40.317\",\"Lon\":\"-73.107\"},\"maxValues\":{\"Date/Time\":\"9/9/2014 9:59:00\",\"Lat\":\"41.2171\",\"Lon\":\"-74.5276\"},\"nullCount\":{\"Date/Time\":0,\"Lat\":0,\"Lon\":0}}"}}
{"add":{"path":"Base=B02512/part-00007-2b927606-8271-4834-9ad3-f5bbd0f83763.c000.snappy.parquet","partitionValues":{"Base":"B02512"},"size":1999,"modificationTime":1732554814303,"dataChange":true,"stats":"{\"numRecords\":46,\"minValues\":{\"Date/Time\":\"9/10/2014 14:10:00\",\"Lat\":\"40.7034\",\"Lon\":\"-73.6709\"},\"maxValues\":{\"Date/Time\":\"9/9/2014 21:22:00\",\"Lat\":\"40.9835\",\"Lon\":\"-74.0234\"},\"nullCount\":{\"Date/Time\":0,\"Lat\":0,\"Lon\":0}}"}}
{"add":{"path":"Base=B02598/part-00007-c3a0b6cb-099a-4d6e-9d9a-b2b6cc210cad.c000.snappy.parquet","partitionValues":{"Base":"B02598"},"size":7692,"modificationTime":1732554814322,"dataChange":true,"stats":"{\"numRecords\":377,\"minValues\":{\"Date/Time\":\"9/1/2014 11:45:00\",\"Lat\":\"40.6305\",\"Lon\":\"-73.6321\"},\"maxValues\":{\"Date/Time\":\"9/9/2014 7:05:00\",\"Lat\":\"40.9436\",\"Lon\":\"-74.1783\"},\"nullCount\":{\"Date/Time\":0,\"Lat\":0,\"Lon\":0}}"}}
{"add":{"path":"Base=B02617/part-00007-5fbd1b82-35e1-4c41-bdfe-3bfc7b975e4c.c000.snappy.parquet","partitionValues":{"Base":"B02617"},"size":9872,"modificationTime":1732554814354,"dataChange":true,"stats":"{\"numRecords\":529,\"minValues\":{\"Date/Time\":\"9/1/2014 11:20:00\",\"Lat\":\"40.4845\",\"Lon\":\"-73.6403\"},\"maxValues\":{\"Date/Time\":\"9/9/2014 8:27:00\",\"Lat\":\"41.0636\",\"Lon\":\"-74.281\"},\"nullCount\":{\"Date/Time\":0,\"Lat\":0,\"Lon\":0}}"}}
{"add":{"path":"Base=B02682/part-00007-6b184497-4db1-4b42-bc1b-24f3dc1bf3ef.c000.snappy.parquet","partitionValues":{"Base":"B02682"},"size":6134,"modificationTime":1732554814375,"dataChange":true,"stats":"{\"numRecords\":290,\"minValues\":{\"Date/Time\":\"9/1/2014 10:17:00\",\"Lat\":\"40.6199\",\"Lon\":\"-73.6995\"},\"maxValues\":{\"Date/Time\":\"9/9/2014 8:11:00\",\"Lat\":\"41.0704\",\"Lon\":\"-74.2929\"},\"nullCount\":{\"Date/Time\":0,\"Lat\":0,\"Lon\":0}}"}}
{"add":{"path":"Base=B02764/part-00007-7aa857be-9e5e-46a5-92e0-1ed48accbac3.c000.snappy.parquet","partitionValues":{"Base":"B02764"},"size":5167,"modificationTime":1732554814388,"dataChange":true,"stats":"{\"numRecords\":220,\"minValues\":{\"Date/Time\":\"9/1/2014 22:41:00\",\"Lat\":\"40.6363\",\"Lon\":\"-73.7812\"},\"maxValues\":{\"Date/Time\":\"9/9/2014 22:37:00\",\"Lat\":\"40.8345\",\"Lon\":\"-74.1737\"},\"nullCount\":{\"Date/Time\":0,\"Lat\":0,\"Lon\":0}}"}}
{"add":{"path":"Base=B02512/part-00008-60aca7cb-784c-4bd9-8dca-e1131a22552d.c000.snappy.parquet","partitionValues":{"Base":"B02512"},"size":48658,"modificationTime":1732554814484,"dataChange":true,"stats":"{\"numRecords\":3774,\"minValues\":{\"Date/Time\":\"8/1/2014 0:20:00\",\"Lat\":\"39.9819\",\"Lon\":\"-73.0136\"},\"maxValues\":{\"Date/Time\":\"8/9/2014 9:23:00\",\"Lat\":\"41.2369\",\"Lon\":\"-74.4813\"},\"nullCount\":{\"Date/Time\":0,\"Lat\":0,\"Lon\":0}}"}}
{"add":{"path":"Base=B02598/part-00008-3d56e5d1-ff87-4eba-8b33-1a8769e28d3a.c000.snappy.parquet","partitionValues":{"Base":"B02598"},"size":271427,"modificationTime":1732554814558,"dataChange":true,"stats":"{\"numRecords\":25858,\"minValues\":{\"Date/Time\":\"8/1/2014 0:01:00\",\"Lat\":\"40.102\",\"Lon\":\"-72.7615\"},\"maxValues\":{\"Date/Time\":\"8/9/2014 9:57:00\",\"Lat\":\"41.1433\",\"Lon\":\"-74.6244\"},\"nullCount\":{\"Date/Time\":0,\"Lat\":0,\"Lon\":0}}"}}
{"add":{"path":"Base=B02617/part-00008-94379482-9e18-4f45-8707-12289ac772b1.c000.snappy.parquet","partitionValues":{"Base":"B02617"},"size":405656,"modificationTime":1732554814604,"dataChange":true,"stats":"{\"numRecords\":42302,\"minValues\":{\"Date/Time\":\"8/1/2014 0:00:00\",\"Lat\":\"40.1363\",\"Lon\":\"-73.102\"},\"maxValues\":{\"Date/Time\":\"8/9/2014 9:59:00\",\"Lat\":\"41.2208\",\"Lon\":\"-74.6957\"},\"nullCount\":{\"Date/Time\":0,\"Lat\":0,\"Lon\":0}}"}}
{"add":{"path":"Base=B02682/part-00008-aeb0302f-6719-42ba-84cc-947affd2ffe7.c000.snappy.parquet","partitionValues":{"Base":"B02682"},"size":229195,"modificationTime":1732554814629,"dataChange":true,"stats":"{\"numRecords\":20844,\"minValues\":{\"Date/Time\":\"8/1/2014 0:00:00\",\"Lat\":\"40.1018\",\"Lon\":\"-72.721\"},\"maxValues\":{\"Date/Time\":\"8/9/2014 9:55:00\",\"Lat\":\"41.3182\",\"Lon\":\"-74.6243\"},\"nullCount\":{\"Date/Time\":0,\"Lat\":0,\"Lon\":0}}"}}
{"add":{"path":"Base=B02764/part-00008-aae87515-5331-46e8-8b64-7f3c63974dad.c000.snappy.parquet","partitionValues":{"Base":"B02764"},"size":76808,"modificationTime":1732554814641,"dataChange":true,"stats":"{\"numRecords\":5797,\"minValues\":{\"Date/Time\":\"8/1/2014 10:19:00\",\"Lat\":\"40.3407\",\"Lon\":\"-73.1662\"},\"maxValues\":{\"Date/Time\":\"8/9/2014 9:53:00\",\"Lat\":\"41.1161\",\"Lon\":\"-74.4059\"},\"nullCount\":{\"Date/Time\":0,\"Lat\":0,\"Lon\":0}}"}}
{"add":{"path":"Base=B02512/part-00009-f05a5458-43d8-4823-95c8-c4a1b3cc7349.c000.snappy.parquet","partitionValues":{"Base":"B02512"},"size":1878,"modificationTime":1732554814305,"dataChange":true,"stats":"{\"numRecords\":40,\"minValues\":{\"Date/Time\":\"8/1/2014 15:47:00\",\"Lat\":\"40.6451\",\"Lon\":\"-73.7868\"},\"maxValues\":{\"Date/Time\":\"8/9/2014 21:43:00\",\"Lat\":\"40.8072\",\"Lon\":\"-74.2101\"},\"nullCount\":{\"Date/Time\":0,\"Lat\":0,\"Lon\":0}}"}}
{"add":{"path":"Base=B02598/part-00009-330de82e-dec1-42c1-b991-d433c66d46a9.c000.snappy.parquet","partitionValues":{"Base":"B02598"},"size":8613,"modificationTime":1732554814323,"dataChange":true,"stats":"{\"numRecords\":437,\"minValues\":{\"Date/Time\":\"8/1/2014 12:25:00\",\"Lat\":\"40.4671\",\"Lon\":\"-73.6691\"},\"maxValues\":{\"Date/Time\":\"8/9/2014 9:05:00\",\"Lat\":\"41.0158\",\"Lon\":\"-74.313\"},\"nullCount\":{\"Date/Time\":0,\"Lat\":0,\"Lon\":0}}"}}
{"add":{"path":"Base=B02617/part-00009-204a65e1-1cfd-46d6-b38e-98395c6b6281.c000.snappy.parquet","partitionValues":{"Base":"B02617"},"size":10653,"modificationTime":1732554814340,"dataChange":true,"stats":"{\"numRecords\":573,\"minValues\":{\"Date/Time\":\"8/1/2014 11:57:00\",\"Lat\":\"40.6237\",\"Lon\":\"-73.6533\"},\"maxValues\":{\"Date/Time\":\"8/9/2014 23:40:00\",\"Lat\":\"41.0692\",\"Lon\":\"-74.1779\"},\"nullCount\":{\"Date/Time\":0,\"Lat\":0,\"Lon\":0}}"}}
{"add":{"path":"Base=B02682/part-00009-657d07fd-0514-43a9-9c85-24c0d3a0158f.c000.snappy.parquet","partitionValues":{"Base":"B02682"},"size":6543,"modificationTime":1732554814369,"dataChange":true,"stats":"{\"numRecords\":297,\"minValues\":{\"Date/Time\":\"8/1/2014 11:23:00\",\"Lat\":\"40.5756\",\"Lon\":\"-73.4287\"},\"maxValues\":{\"Date/Time\":\"8/9/2014 7:05:00\",\"Lat\":\"41.048\",\"Lon\":\"-74.1829\"},\"nullCount\":{\"Date/Time\":0,\"Lat\":0,\"Lon\":0}}"}}
{"add":{"path":"Base=B02764/part-00009-51b0e043-0599-4f61-8a66-53e9905fb47c.c000.snappy.parquet","partitionValues":{"Base":"B02764"},"size":2572,"modificationTime":1732554814389,"dataChange":true,"stats":"{\"numRecords\":78,\"minValues\":{\"Date/Time\":\"8/10/2014 2:30:00\",\"Lat\":\"40.2442\",\"Lon\":\"-73.7826\"},\"maxValues\":{\"Date/Time\":\"8/8/2014 22:53:00\",\"Lat\":\"40.8955\",\"Lon\":\"-74.3081\"},\"nullCount\":{\"Date/Time\":0,\"Lat\":0,\"Lon\":0}}"}}
{"add":{"path":"Base=B02512/part-00010-a044d3b1-a8a2-472c-93c0-676e1e4c9b6a.c000.snappy.parquet","partitionValues":{"Base":"B02512"},"size":53993,"modificationTime":1732554814485,"dataChange":true,"stats":"{\"numRecords\":4381,\"minValues\":{\"Date/Time\":\"7/1/2014 0:06:00\",\"Lat\":\"39.9727\",\"Lon\":\"-73.1665\"},\"maxValues\":{\"Date/Time\":\"7/9/2014 9:51:00\",\"Lat\":\"41.22\",\"Lon\":\"-74.4768\"},\"nullCount\":{\"Date/Time\":0,\"Lat\":0,\"Lon\":0}}"}}
{"add":{"path":"Base=B02598/part-00010-8cc6abfd-0b86-41f3-98ce-fd1cf6b83a24.c000.snappy.parquet","partitionValues":{"Base":"B02598"},"size":306025,"modificationTime":1732554814564,"dataChange":true,"stats":"{\"numRecords\":30336,\"minValues\":{\"Date/Time\":\"7/1/2014 0:01:00\",\"Lat\":\"40.0945\",\"Lon\":\"-72.7557\"},\"maxValues\":{\"Date/Time\":\"7/9/2014 9:59:00\",\"Lat\":\"41.3015\",\"Lon\":\"-74.6717\"},\"nullCount\":{\"Date/Time\":0,\"Lat\":0,\"Lon\":0}}"}}
{"add":{"path":"Base=B02617/part-00010-2994e8d5-2915-4e1c-94c8-a9cab4077649.c000.snappy.parquet","partitionValues":{"Base":"B02617"},"size":365001,"modificationTime":1732554814606,"dataChange":true,"stats":"{\"numRecords\":38377,\"minValues\":{\"Date/Time\":\"7/1/2014 0:06:00\",\"Lat\":\"40.3079\",\"Lon\":\"-72.7478\"},\"maxValues\":{\"Date/Time\":\"7/9/2014 9:59:00\",\"Lat\":\"41.2759\",\"Lon\":\"-74.8258\"},\"nullCount\":{\"Date/Time\":0,\"Lat\":0,\"Lon\":0}}"}}
{"add":{"path":"Base=B02682/part-00010-e3e20af2-7490-43c6-9d5d-1c70b36d6d4e.c000.snappy.parquet","partitionValues":{"Base":"B02682"},"size":255396,"modificationTime":1732554814632,"dataChange":true,"stats":"{\"numRecords\":24200,\"minValues\":{\"Date/Time\":\"7/1/2014 0:00:00\",\"Lat\":\"40.179\",\"Lon\":\"-72.4796\"},\"maxValues\":{\"Date/Time\":\"7/9/2014 9:59:00\",\"Lat\":\"41.1575\",\"Lon\":\"-74.6456\"},\"nullCount\":{\"Date/Time\":0,\"Lat\":0,\"Lon\":0}}"}}
{"add":{"path":"Base=B02764/part-00010-59a7f196-60ad-4d08-b6fd-b862084a4385.c000.snappy.parquet","partitionValues":{"Base":"B02764"},"size":16693,"modificationTime":1732554814639,"dataChange":true,"stats":"{\"numRecords\":1032,\"minValues\":{\"Date/Time\":\"7/1/2014 10:30:00\",\"Lat\":\"40.5996\",\"Lon\":\"-73.2799\"},\"maxValues\":{\"Date/Time\":\"7/9/2014 8:50:00\",\"Lat\":\"41.0791\",\"Lon\":\"-74.3666\"},\"nullCount\":{\"Date/Time\":0,\"Lat\":0,\"Lon\":0}}"}}
{"add":{"path":"Base=B02512/part-00011-4388b515-5270-4aab-a262-a0ab49eba1d1.c000.snappy.parquet","partitionValues":{"Base":"B02512"},"size":2252,"modificationTime":1732554814303,"dataChange":true,"stats":"{\"numRecords\":62,\"minValues\":{\"Date/Time\":\"7/1/2014 18:04:00\",\"Lat\":\"40.6933\",\"Lon\":\"-73.1155\"},\"maxValues\":{\"Date/Time\":\"7/9/2014 9:41:00\",\"Lat\":\"40.855\",\"Lon\":\"-74.2781\"},\"nullCount\":{\"Date/Time\":0,\"Lat\":0,\"Lon\":0}}"}}
{"add":{"path":"Base=B02598/part-00011-963f1bb7-a76d-4490-b13b-db1bfe5d982b.c000.snappy.parquet","partitionValues":{"Base":"B02598"},"size":9611,"modificationTime":1732554814333,"dataChange":true,"stats":"{\"numRecords\":502,\"minValues\":{\"Date/Time\":\"7/1/2014 10:07:00\",\"Lat\":\"40.3313\",\"Lon\":\"-73.3557\"},\"maxValues\":{\"Date/Time\":\"7/9/2014 8:27:00\",\"Lat\":\"40.8996\",\"Lon\":\"-74.6119\"},\"nullCount\":{\"Date/Time\":0,\"Lat\":0,\"Lon\":0}}"}}
{"add":{"path":"Base=B02617/part-00011-82bf92b3-9d6d-4e81-aa64-2a992dbbe2ac.c000.snappy.parquet","partitionValues":{"Base":"B02617"},"size":11768,"modificationTime":1732554814349,"dataChange":true,"stats":"{\"numRecords\":670,\"minValues\":{\"Date/Time\":\"7/1/2014 13:36:00\",\"Lat\":\"40.6171\",\"Lon\":\"-73.6383\"},\"maxValues\":{\"Date/Time\":\"7/9/2014 7:51:00\",\"Lat\":\"40.9478\",\"Lon\":\"-74.1878\"},\"nullCount\":{\"Date/Time\":0,\"Lat\":0,\"Lon\":0}}"}}
{"add":{"path":"Base=B02682/part-00011-e7aa46c3-9cbf-42ff-a7b4-5525355d7c0b.c000.snappy.parquet","partitionValues":{"Base":"B02682"},"size":8541,"modificationTime":1732554814371,"dataChange":true,"stats":"{\"numRecords\":426,\"minValues\":{\"Date/Time\":\"7/1/2014 10:03:00\",\"Lat\":\"40.3491\",\"Lon\":\"-73.501\"},\"maxValues\":{\"Date/Time\":\"7/9/2014 8:50:00\",\"Lat\":\"41.0433\",\"Lon\":\"-74.2867\"},\"nullCount\":{\"Date/Time\":0,\"Lat\":0,\"Lon\":0}}"}}
{"add":{"path":"Base=B02764/part-00011-1e7af308-032c-4416-9e9a-364a1aa5793d.c000.snappy.parquet","partitionValues":{"Base":"B02764"},"size":1381,"modificationTime":1732554814393,"dataChange":true,"stats":"{\"numRecords\":14,\"minValues\":{\"Date/Time\":\"7/1/2014 12:53:00\",\"Lat\":\"40.6856\",\"Lon\":\"-73.915\"},\"maxValues\":{\"Date/Time\":\"7/29/2014 17:17:00\",\"Lat\":\"40.8242\",\"Lon\":\"-74.0077\"},\"nullCount\":{\"Date/Time\":0,\"Lat\":0,\"Lon\":0}}"}}
